,city,lat,lng,country,iso2,iso3,population
19,Aba,5.1167,7.3667,Nigeria,NG,NGA,1530000
83,Abidjan,5.3167,-4.0333,Côte d'Ivoire,CI,CIV,4980000
121,Abu Dhabi,24.4667,54.3667,United Arab Emirates,AE,ARE,1483000
131,Abuja,9.0667,7.4833,Nigeria,NG,NGA,3770000
169,Accra,5.55,-0.2,Ghana,GH,GHA,2388000
241,Adana,37.0,35.3213,Turkey,TR,TUR,1765981
245,Addis Ababa,9.03,38.74,Ethiopia,ET,ETH,3041002
251,Adelaide,-34.9275,138.6,Australia,AU,AUS,1295714
440,Agwār,27.18,78.02,India,IN,IND,1585705
457,Ahmedabad,23.03,72.58,India,IN,IND,8009000
468,Ahvāz,31.3203,48.6692,Iran,IR,IRN,1261042
587,Akçaabat,41.0167,39.55,Turkey,TR,TUR,1215351
671,Al Başrah,30.515,47.81,Iraq,IQ,IRQ,1326564
977,Aleppo,36.2,37.16,Syria,SY,SYR,1916781
987,Alexandria,31.1975,29.8925,Egypt,EG,EGY,4870000
1020,Algiers,36.7539,3.0589,Algeria,DZ,DZA,3415811
1100,Almaty,43.2775,76.8958,Kazakhstan,KZ,KAZ,1916822
1043,Alīgarh,27.88,78.08,India,IN,IND,1131160
1531,Amman,31.9497,35.9328,Jordan,JO,JOR,4007526
1589,Amritsar,31.64,74.86,India,IN,IND,1132383
1592,Amsterdam,52.3728,4.8936,Netherlands,NL,NLD,1459402
1863,Ankang,32.6877,109.0235,China,CN,CHN,2629906
1864,Ankara,39.93,32.85,Turkey,TR,TUR,5503985
1943,Anqing,30.5,117.0333,China,CN,CHN,4723000
1958,Anshan,41.1066,122.9895,China,CN,CHN,3645884
1960,Anshun,26.2456,105.934,China,CN,CHN,2353100
1969,Antalya,36.8874,30.7075,Turkey,TR,TUR,2426356
1978,Antananarivo,-18.9333,47.5167,Madagascar,MG,MDG,2610000
2328,Arequipa,-16.4,-71.5333,Peru,PE,PER,1008290
2729,Athens,37.9842,23.7281,Greece,GR,GRC,3041131
2751,Atlanta,33.7628,-84.422,United States,US,USA,5046555
2815,Auckland,-36.8406,174.74,New Zealand,NZ,NZL,1346091
2846,Aurangābād,19.88,75.32,India,IN,IND,1371330
2864,Austin,30.3005,-97.7522,United States,US,USA,1659251
3236,Bafoussam,5.4667,10.4167,Cameroon,CM,CMR,1146000
3254,Bagam,1.0833,104.0333,Indonesia,ID,IDN,1230097
3272,Baghdad,33.3153,44.3661,Iraq,IQ,IRQ,6183000
3343,Baicheng,45.6148,122.832,China,CN,CHN,2032356
3342,Baicheng,23.901,106.6194,China,CN,CHN,3669400
3387,Baishan,41.9377,126.4179,China,CN,CHN,1296127
3394,Baiyin,36.5448,104.1766,China,CN,CHN,1708751
3428,Baku,40.3667,49.8352,Azerbaijan,AZ,AZE,2300500
3449,Balandougou,13.3558,-9.5517,Mali,ML,MLI,1596882
3542,Baltimore,39.3051,-76.6144,United States,US,USA,2205092
3565,Bamako,12.6458,-7.9922,Mali,ML,MLI,2009109
3580,Bamenda,5.9614,10.1517,Cameroon,CM,CMR,2000000
3777,Bandar Lampung,-5.45,105.2667,Indonesia,ID,IDN,1166761
3819,Bangalore,12.9789,77.5917,India,IN,IND,15386000
3829,Bangkok,13.7525,100.4942,Thailand,TH,THA,18007000
3902,Baoding,38.8671,115.4845,China,CN,CHN,11860000
3904,Baojishi,34.3609,107.1751,China,CN,CHN,3738700
3905,Baoshan,25.1211,99.169,China,CN,CHN,2627000
3907,Baotou,40.6562,109.8345,China,CN,CHN,2709378
3988,Barcelona,41.3825,2.1769,Spain,ES,ESP,4800000
4007,Bareilly,28.364,79.415,India,IN,IND,1000000
4097,Barquisimeto,10.0678,-69.3467,Venezuela,VE,VEN,1059092
4123,Barranquilla,10.9833,-74.8019,Colombia,CO,COL,1326588
4410,Bazhou,31.8576,106.7559,China,CN,CHN,3283148
4538,Beidao,34.602,105.918,China,CN,CHN,1225000
4542,Beihai,21.4667,109.1,China,CN,CHN,1853227
4543,Beijing,39.904,116.4075,China,CN,CHN,18522000
4569,Bekasi,-6.2349,106.9923,Indonesia,ID,IDN,2381053
4647,Belgrade,44.82,20.46,Serbia,RS,SRB,1378682
4715,Belo Horizonte,-19.9167,-43.9333,Brazil,BR,BRA,5328000
4630,Belém,-1.4558,-48.5039,Brazil,BR,BRA,1499641
4806,Bengbu,32.9354,117.3531,China,CN,CHN,3296408
4834,Benin City,6.3333,5.6222,Nigeria,NG,NGA,1147188
4860,Benxi,41.292,123.761,China,CN,CHN,1709538
4935,Berlin,52.52,13.405,Germany,DE,DEU,4473101
5193,Bhopāl,23.25,77.4167,India,IN,IND,1798218
5292,Bijie,27.3019,105.2863,China,CN,CHN,6899636
5306,Bilāspur,22.09,82.15,India,IN,IND,1625502
5396,Binzhou,37.3806,118.0125,China,CN,CHN,3928568
5427,Birmingham,52.48,-1.9025,United Kingdom,GB,GBR,2919600
5467,Bishkek,42.8747,74.6122,Kyrgyzstan,KG,KGZ,1074075
5255,Biên Hòa,10.95,106.8167,Vietnam,VN,VNM,1104000
5558,Blantyre,-15.7861,35.0058,Malawi,MW,MWI,1895973
5634,Boankra,6.6944,-1.4028,Ghana,GH,GHA,3348000
5707,Bogor,-6.5966,106.7972,Indonesia,ID,IDN,1030720
5711,Bogotá,4.7111,-74.0722,Colombia,CO,COL,7968095
5881,Boosaaso,11.2886,49.1819,Somalia,SO,SOM,2000000
5986,Boston,42.3188,-71.0852,United States,US,USA,4208580
6113,Bozhou,33.8626,115.7742,China,CN,CHN,4996844
6190,Brasília,-15.7939,-47.8828,Brazil,BR,BRA,3039444
6206,Brazzaville,-4.2694,15.2714,Congo (Brazzaville),CG,COG,1827000
6308,Brisbane,-27.4678,153.0281,Australia,AU,AUS,2360241
6350,Bronx,40.8501,-73.8662,United States,US,USA,1472654
6362,Brooklyn,40.6501,-73.9496,United States,US,USA,2736074
6428,Brussels,50.8467,4.3525,Belgium,BE,BEL,1743000
6463,Bucharest,44.4325,26.1039,Romania,RO,ROU,1883425
6494,Budapest,47.4925,19.0514,Hungary,HU,HUN,2997958
6530,Buenos Aires,-34.5997,-58.3819,Argentina,AR,ARG,16710000
6538,Buffalo,42.9018,-78.8487,United States,US,USA,1004655
6573,Bujumbura,-3.3833,29.3667,Burundi,BI,BDI,1075000
6578,Bukavu,-2.5,28.8667,Congo (Kinshasa),CD,COD,1133000
6739,Bursa,40.1833,29.05,Turkey,TR,TUR,2901396
6757,Busan,35.18,129.075,South Korea,KR,KOR,3453198
6943,Cacuaco,-8.8053,13.2444,Angola,AO,AGO,1279488
7001,Cairo,30.0444,31.2358,,,,20296000
7095,Calgary,51.05,-114.0667,Canada,CA,CAN,1239220
7099,Cali,3.4206,-76.5222,Colombia,CO,COL,2471474
7109,Callao,-12.0333,-77.1333,Peru,PE,PER,1129854
7118,Caloocan City,14.65,120.97,Philippines,PH,PHL,1661584
7242,Campinas,-22.9058,-47.0608,Brazil,BR,BRA,1213792
7286,Canagatan,18.0,121.8,Philippines,PH,PHL,1273219
7353,Cangzhou,38.3037,116.8452,China,CN,CHN,7544300
7487,Caracas,10.4806,-66.9036,Venezuela,VE,VEN,2245744
7656,Cartagena,10.4,-75.5,Colombia,CO,COL,1036412
7683,Casablanca,33.5333,-7.5833,Morocco,MA,MAR,4370000
7901,Cawnpore,26.4499,80.3319,India,IN,IND,2701324
8212,Chandīgarh,30.75,76.78,India,IN,IND,1055450
8231,Changchun,43.9,125.2,China,CN,CHN,4408154
8233,Changde,29.0397,111.6839,China,CN,CHN,5827200
8238,Changsha,28.1987,112.9709,China,CN,CHN,4766296
8240,Changshu,31.65,120.7333,China,CN,CHN,1677050
8244,Changwon,35.2708,128.6631,South Korea,KR,KOR,1046054
8246,Changzhi,36.1953,113.097,China,CN,CHN,3334565
8248,Changzhou,31.8122,119.9692,China,CN,CHN,3601079
8272,Chaoyang,41.5757,120.4486,China,CN,CHN,3044641
8274,Chaozhou,23.67,116.63,China,CN,CHN,2656600
8322,Charlotte,35.2083,-80.8303,United States,US,USA,1516107
8373,Chattogram,22.335,91.8325,Bangladesh,BD,BGD,7000000
8443,Chelyabinsk,55.15,61.4,Russia,RU,RUS,1202371
8458,Chengdu,30.66,104.0633,China,CN,CHN,14645000
8463,Chengtangcun,35.0833,117.15,China,CN,CHN,1603659
8466,Chennai,13.0825,80.275,India,IN,IND,12395000
8474,Chenzhou,25.7989,113.0267,China,CN,CHN,4744500
8567,Chiang Mai,18.7953,98.9986,Thailand,TH,THA,1198000
8585,Chicago,41.8375,-87.6866,United States,US,USA,8595181
8615,Chifeng,42.2663,118.9223,China,CN,CHN,4341245
8692,Chinchvad,18.6186,73.8037,India,IN,IND,1729320
8804,Chizhou,30.6583,117.4849,China,CN,CHN,1402518
8854,Chongqing,29.55,106.5069,China,CN,CHN,12135000
8856,Chongzuo,22.4167,107.3667,China,CN,CHN,2099400
8936,Chuzhou,32.3062,118.3115,China,CN,CHN,3987054
8976,Cilacap,-7.7167,109.017,Indonesia,ID,IDN,1174964
8988,Cincinnati,39.1413,-84.506,United States,US,USA,1712287
9077,Ciudad Nezahualcóyotl,19.4081,-99.0186,Mexico,MX,MEX,1109363
9164,Cleveland,41.4764,-81.6805,United States,US,USA,1683059
9336,Cologne,50.9364,6.9528,Germany,DE,DEU,1083498
9342,Colombo,6.9344,79.8428,Sri Lanka,LK,LKA,2323826
9380,Columbus,39.9862,-82.9855,United States,US,USA,1556848
9402,Comayagüela,14.0981,-87.2097,Honduras,HN,HND,1250000
9429,Conakry,9.5092,-13.7122,Guinea,GN,GIN,1667864
9546,Copenhagen,55.6761,12.5683,Denmark,DK,DNK,1366301
10002,Curitiba,-25.4297,-49.2711,Brazil,BR,BRA,1879355
9586,Córdoba,-31.4167,-64.1833,Argentina,AR,ARG,1565112
7284,Cần Thơ,10.0333,105.7833,Vietnam,VN,VNM,1237300
10078,Dadukou,26.5849,101.7149,China,CN,CHN,1214121
10080,Daegu,35.8717,128.6017,South Korea,KR,KOR,2461002
10081,Daejeon,36.351,127.385,South Korea,KR,KOR,1475221
10123,Dakar,14.6928,-17.4467,Senegal,SN,SEN,1438725
10146,Dalian,38.9,121.6,China,CN,CHN,5871474
10152,Dallas,32.7935,-96.7667,United States,US,USA,5668165
10178,Damascus,33.5131,36.2919,Syria,SY,SYR,1754000
10216,Dandong,40.1167,124.3833,China,CN,CHN,2444697
10252,Daqing,46.5979,125.008,China,CN,CHN,2904532
10258,Dar es Salaam,-6.8161,39.2803,Tanzania,TZ,TZA,7962000
10359,Davao,7.0667,125.6,Philippines,PH,PHL,1776949
10383,Dayan,26.8808,100.2208,China,CN,CHN,1296000
10404,Dazhou,31.2152,107.4947,China,CN,CHN,5468097
10496,Delhi,28.61,77.23,India,IN,IND,32226000
10540,Denizli,37.7667,29.0833,Turkey,TR,TUR,1027782
10544,Denpasar,-8.65,115.2167,Indonesia,ID,IDN,1779122
10549,Denver,39.762,-104.8758,United States,US,USA,2650725
10563,Depok,-6.394,106.8225,Indonesia,ID,IDN,2330333
10620,Detroit,42.3834,-83.1024,United States,US,USA,3522856
10659,Deyang,31.1289,104.395,China,CN,CHN,3877000
10663,Dezhou,37.4513,116.3105,China,CN,CHN,5611194
10666,Dhaka,23.7639,90.3889,Bangladesh,BD,BGD,18627000
10682,Dhanbād,23.7998,86.4305,India,IN,IND,1162472
10873,Dingxi,35.5806,104.6263,China,CN,CHN,2698624
10874,Dingzhou,38.5158,114.9845,China,CN,CHN,1165182
10920,Diyarbakır,37.91,40.24,Turkey,TR,TUR,1732396
10989,Doha,25.2867,51.5333,Qatar,QA,QAT,1186023
11033,Domaa-Ahenkro,7.2833,-2.8833,Ghana,GH,GHA,1000000
11088,Dongguan,23.0475,113.7493,China,CN,CHN,10646000
11162,Douala,4.05,9.7,Cameroon,CM,CMR,5768400
11163,Douala,4.05,9.7,Cameroon,CM,CMR,5768400
11164,Douala,4.05,9.7,Cameroon,CM,CMR,5768400
11165,Douala,4.05,9.7,Cameroon,CM,CMR,5768400
11166,Douala,4.05,9.7,Cameroon,CM,CMR,5768400
11311,Dubai,25.2631,55.2972,United Arab Emirates,AE,ARE,3331420
11316,Dublin,53.35,-6.2603,Ireland,IE,IRL,1173179
11612,Ecatepec,19.6097,-99.06,Mexico,MX,MEX,1929926
11677,Edmonton,53.5344,-113.4903,Canada,CA,CAN,1062643
11845,El Kelaa des Srarhna,32.0481,-7.4083,Morocco,MA,MAR,1450021
12460,Ezhou,30.3972,114.8842,China,CN,CHN,1079353
12271,Eşfahān,32.6447,51.6675,Iran,IR,IRN,2219343
12514,Faisalabad,31.4167,73.0911,Pakistan,PK,PAK,3203846
12558,Fangchenggang,21.6,108.3,China,CN,CHN,1046068
12599,Farīdābād,28.4167,77.3,India,IN,IND,1404653
13067,Fortaleza,-3.7275,-38.5275,Brazil,BR,BRA,2452185
13079,Foshan,23.0292,113.1056,China,CN,CHN,9498863
13311,Fukuoka,33.5833,130.4,Japan,JP,JPN,2286000
13349,Fuqing,25.7232,119.3735,China,CN,CHN,1390487
13367,Fushun,41.8708,123.8917,China,CN,CHN,2024000
13375,Fuxin,42.0127,121.6486,China,CN,CHN,1819339
13377,Fuyang,32.8986,115.8045,China,CN,CHN,8200264
13381,Fuzhou,27.9814,116.3577,China,CN,CHN,4047200
13382,Fuzhou,26.0769,119.2917,China,CN,CHN,3671192
12767,Fès,34.0433,-5.0033,Morocco,MA,MAR,1112072
13573,Ganzhou,25.8292,114.9336,China,CN,CHN,8970014
13582,Gaoping,30.7824,106.1281,China,CN,CHN,2174000
13591,Gaozhou,21.9135,110.8481,China,CN,CHN,1414100
13727,Gaziantep,37.0628,37.3792,Turkey,TR,TUR,2028563
13914,Ghāziābād,28.67,77.42,India,IN,IND,2375820
14027,Giza,29.987,31.2118,Egypt,EG,EGY,5598402
14161,Goiânia,-16.6667,-49.25,Brazil,BR,BRA,1393575
14251,Gongzhuling,43.5036,124.8088,China,CN,CHN,1092692
14384,Goyang,37.65,126.8,South Korea,KR,KOR,1061929
14668,Guadalajara,20.6767,-103.3475,Mexico,MX,MEX,5525000
14717,Guangyuan,32.4353,105.8398,China,CN,CHN,2484122
14718,Guangzhou,23.13,113.26,China,CN,CHN,26940000
14713,Guang’an,30.4673,106.6336,China,CN,CHN,3205476
14720,Guankou,28.1417,113.625,China,CN,CHN,1168056
14764,Guarulhos,-23.4628,-46.5328,Brazil,BR,BRA,1324781
14773,Guatemala City,14.6099,-90.5252,Guatemala,GT,GTM,2934841
14781,Guayaquil,-2.19,-79.8875,Ecuador,EC,ECU,2723665
14852,Guigang,23.0961,109.6092,China,CN,CHN,4409200
14861,Guilin,25.2819,110.2864,China,CN,CHN,5085500
14875,Guiping,23.4,110.0833,China,CN,CHN,1511011
14885,Guiyang,26.5794,106.7078,China,CN,CHN,3299724
14889,Gujranwala,32.1567,74.19,Pakistan,PK,PAK,2027001
14912,Gulou,26.0865,119.298,China,CN,CHN,2606000
15003,Guwāhāti,26.1722,91.7458,India,IN,IND,1116267
15007,Guyuan,36.008,106.2782,China,CN,CHN,1426000
15012,Gwalior,26.2215,78.178,India,IN,IND,1069276
15014,Gwangju,35.1653,126.8486,South Korea,KR,KOR,1490092
13728,Gāzipura,23.9889,90.375,Bangladesh,BD,BGD,1199215
15113,Haicheng,40.8523,122.7474,China,CN,CHN,1293877
15118,Haikou,20.02,110.32,China,CN,CHN,2873358
15128,Haiphong,20.8651,106.6838,Vietnam,VN,VNM,2103500
15220,Hamburg,53.55,10.0,Germany,DE,DEU,2484800
15278,Hanchuan,30.652,113.8274,China,CN,CHN,1092700
15281,Handan,36.6116,114.4894,China,CN,CHN,2708015
15292,Hangzhou,30.25,120.1675,China,CN,CHN,9523000
15303,Hanoi,21.0283,105.8542,Vietnam,VN,VNM,8246600
15323,Hanzhong,33.0794,107.026,China,CN,CHN,3416196
15337,Harare,-17.8292,31.0522,Zimbabwe,ZW,ZWE,2150000
15341,Harbin,45.75,126.6333,China,CN,CHN,3830000
15363,Hargeysa,9.5631,44.0675,Somalia,SO,SOM,1200000
15532,Havana,23.1367,-82.3589,Cuba,CU,CUB,2141652
15595,Hebi,35.7497,114.2887,China,CN,CHN,1569208
15600,Hechi,24.6928,108.085,China,CN,CHN,3545700
15618,Hefei,31.8639,117.2808,China,CN,CHN,4216940
15619,Hegang,47.3139,130.2775,China,CN,CHN,1058665
15627,Heihe,50.2458,127.4886,China,CN,CHN,1673899
15666,Helsinki,60.1708,24.9375,Finland,FI,FIN,1268296
15699,Hengshui,37.7348,115.686,China,CN,CHN,4472000
15701,Hengyang,26.8968,112.5857,China,CN,CHN,7243400
15808,Heyuan,23.7503,114.6923,China,CN,CHN,3093900
15811,Heze,35.2333,115.4333,China,CN,CHN,8795939
15812,Hezhou,24.4164,111.5478,China,CN,CHN,2072600
15962,Hiroshima,34.3914,132.4519,Japan,JP,JPN,1198021
15995,Ho Chi Minh City,10.7756,106.7019,Vietnam,VN,VNM,15136000
16044,Hohhot,40.8151,111.6629,China,CN,CHN,3446100
16124,Hong Kong,22.3,114.2,Hong Kong,HK,HKG,7450000
16249,Houston,29.786,-95.3885,United States,US,USA,5650910
16286,Huaibei,33.9562,116.789,China,CN,CHN,2114276
16287,Huaihua,27.5494,109.9592,China,CN,CHN,4979600
16288,Huainan,32.4831,117.0164,China,CN,CHN,2333896
16292,Huaiyin,33.5819,119.028,China,CN,CHN,1264000
16284,Huai’an,33.5058,119.1392,China,CN,CHN,2632788
16303,Huanggang,30.45,114.875,China,CN,CHN,6333000
16307,Huanglongsi,34.795,114.345,China,CN,CHN,4824016
16308,Huangshan,29.7132,118.3151,China,CN,CHN,1358980
16309,Huangshi,30.2018,115.0326,China,CN,CHN,2471700
16340,Huazhou,32.6832,112.079,China,CN,CHN,1468061
16341,Huazhou,21.654,110.6294,China,CN,CHN,1302100
16399,Huizhou,23.1115,114.4152,China,CN,CHN,2509243
16419,Huludao,40.7094,120.8378,China,CN,CHN,2623541
16498,Huzhou,30.8925,120.0875,China,CN,CHN,1558826
16512,Hyderabad City,25.3792,68.3683,Pakistan,PK,PAK,1732693
16511,Hyderābād,17.385,78.4867,India,IN,IND,10494000
15327,Hāora,22.58,88.3294,India,IN,IND,1077075
16544,Ibadan,7.3964,3.9167,Nigeria,NG,NGA,3552000
16723,Ikare,7.5167,5.75,Nigeria,NG,NGA,1099931
16874,Incheon,37.4833,126.6333,South Korea,KR,KOR,2936117
16894,Indianapolis,39.7771,-86.1458,United States,US,USA,1659305
16901,Indore,22.7167,75.8472,India,IN,IND,1994397
17129,Islamabad,33.6931,73.0639,Pakistan,PK,PAK,1014825
17162,Istanbul,41.0136,28.955,Turkey,TR,TUR,16079000
17410,Jabalpur,23.1667,79.9333,India,IN,IND,1267564
17442,Jacksonville,30.3322,-81.6749,United States,US,USA,1220191
17501,Jaipur,26.9,75.8,India,IN,IND,3073350
17516,Jakarta,-6.175,106.8275,Indonesia,ID,IDN,33756000
17587,Jamshedpur,22.7925,86.1842,India,IN,IND,1558000
17712,Jeddah,21.5433,39.1728,Saudi Arabia,SA,SAU,3976000
17744,Jepara,-6.5333,110.6667,Indonesia,ID,IDN,1257912
17808,Jiamusi,46.8081,130.3653,China,CN,CHN,2552097
17812,Jiangguanchi,34.0244,113.8201,China,CN,CHN,4379998
17816,Jiangmen,22.5833,113.0833,China,CN,CHN,4630300
17819,Jianguang,28.1958,115.7833,China,CN,CHN,1507402
17820,Jiangyin,31.9087,120.2653,China,CN,CHN,1285785
17832,Jiaozuo,35.229,113.2304,China,CN,CHN,3590700
17834,Jiaxing,30.7522,120.75,China,CN,CHN,1518654
17847,Jieyang,23.5533,116.3649,China,CN,CHN,6089400
17857,Jilin,43.8519,126.5481,China,CN,CHN,2396000
17873,Jinan,36.6667,116.9833,China,CN,CHN,5606374
17877,Jincheng,35.4906,112.8483,China,CN,CHN,2279146
17884,Jingdezhen,29.2942,117.2036,China,CN,CHN,1673200
17887,Jingling,30.6667,113.1667,China,CN,CHN,1247400
17891,Jinhua,29.1046,119.6494,China,CN,CHN,1463990
17892,Jining,35.4,116.5667,China,CN,CHN,8357897
17910,Jinzhou,41.1144,121.1292,China,CN,CHN,3126463
17933,Jiujiang,29.7048,116.0021,China,CN,CHN,4896800
17939,Jixi,45.2937,130.965,China,CN,CHN,1862165
17800,Ji’an,27.1172,114.9793,China,CN,CHN,4956600
17970,Jodhpur,26.28,73.02,India,IN,IND,1033918
17980,Johannesburg,-26.2044,28.0456,South Africa,ZA,ZAF,8000000
18054,Juárez,31.7386,-106.487,Mexico,MX,MEX,1321004
18168,Kabul,34.5253,69.1783,Afghanistan,AF,AFG,4273156
18287,Kaiyuan,36.0656,113.8153,China,CN,CHN,1160000
18348,Kalamboli,19.2333,73.1333,India,IN,IND,1246381
18530,Kampala,0.3136,32.5811,Uganda,UG,UGA,1680600
18564,Kananga,-5.897,22.4488,Congo (Kinshasa),CD,COD,1971704
18651,Kano,12.0,8.5167,Nigeria,NG,NGA,3848885
18656,Kansas City,39.1238,-94.5541,United States,US,USA,1644497
18674,Kaohsiung,22.615,120.2975,Taiwan,TW,TWN,2733566
18717,Karachi,24.86,67.01,Pakistan,PK,PAK,15738000
18728,Karaj,35.8272,50.9489,Iran,IR,IRN,1973470
19046,Kawasaki,35.5167,139.7,Japan,JP,JPN,1539522
19065,Kayseri,38.7225,35.4875,Turkey,TR,TUR,1389680
19071,Kazan,55.7964,49.1089,Russia,RU,RUS,1243500
19341,Kharkiv,49.9925,36.2311,Ukraine,UA,UKR,1446107
19345,Khartoum,15.5006,32.56,Sudan,SD,SDN,7869000
19442,Khulna,22.8167,89.55,Bangladesh,BD,BGD,1400689
19505,Kigali,-1.9536,30.0606,Rwanda,RW,RWA,1156663
19620,Kinshasa,-4.325,15.3222,Congo (Kinshasa),CD,COD,12836000
19954,Kolkāta,22.5675,88.37,India,IN,IND,18502000
20066,Konya,37.8667,32.4833,Turkey,TR,TUR,2232374
20183,Kota,25.18,75.83,India,IN,IND,1001694
20288,Kowloon,22.3167,114.1833,Hong Kong,HK,HKG,2108419
20350,Krasnoyarsk,56.0089,92.8719,Russia,RU,RUS,1083865
20441,Kuaidamao,41.7302,125.9471,China,CN,CHN,2324439
20446,Kuala Lumpur,3.1478,101.6953,Malaysia,MY,MYS,8911000
20548,Kumasi,6.6667,-1.6167,Ghana,GH,GHA,2069350
20588,Kunming,25.0433,102.7061,China,CN,CHN,4422686
20703,Kuwait City,29.3697,47.9783,Kuwait,KW,KWT,3000000
20734,Kyiv,50.45,30.5233,Ukraine,UA,UKR,2963199
20743,Kyōto,35.0117,135.7683,Japan,JP,JPN,1464890
19838,Kōbe,34.69,135.1956,Japan,JP,JPN,1521707
20902,La Paz,-16.5,-68.15,Bolivia,BO,BOL,2867504
21074,Lagos,6.455,3.3841,Nigeria,NG,NGA,16637000
21099,Lahore,31.5497,74.3436,Pakistan,PK,PAK,12306000
21106,Laibin,23.7333,109.2333,China,CN,CHN,2233900
21114,Laiwu,36.1833,117.6667,China,CN,CHN,1248636
21327,Langfang,39.5196,116.7006,China,CN,CHN,5464087
21364,Lanzhou,36.0617,103.8318,China,CN,CHN,3067141
21445,Las Vegas,36.2333,-115.2654,United States,US,USA,2150373
21697,Leiyang,26.4179,112.8457,China,CN,CHN,1151554
21698,Leizhou,20.9147,110.0806,China,CN,CHN,1494700
21808,Leshan,29.5854,103.7575,China,CN,CHN,3235759
21760,León de los Aldama,21.1167,-101.6833,Mexico,MX,MEX,1579803
21881,Liangshi,27.2578,111.7351,China,CN,CHN,1335900
21886,Lianjiang,21.6146,110.2794,China,CN,CHN,1509400
21889,Lianshan,40.7523,120.828,China,CN,CHN,2426000
21892,Lianyuan,27.6961,111.6659,China,CN,CHN,1162928
21895,Liaocheng,36.45,115.9833,China,CN,CHN,5952128
21896,Liaoyang,41.2643,123.1772,China,CN,CHN,1858768
21897,Liaoyuan,42.8976,125.1381,China,CN,CHN,1176239
21990,Lima,-12.06,-77.0375,Peru,PE,PER,10320000
22029,Lincang,23.8864,100.0871,China,CN,CHN,2536000
22060,Linfen,36.0812,111.5087,China,CN,CHN,4316610
22069,Lingcheng,22.7,110.35,China,CN,CHN,1211637
22080,Linhai,28.8523,121.1409,China,CN,CHN,1028813
22100,Linyi,35.1041,118.3502,China,CN,CHN,11018365
22118,Lisbon,38.7253,-9.15,Portugal,PT,PRT,2719000
22123,Lishui,28.45,119.9167,China,CN,CHN,2507396
22180,Liuzhou,24.3264,109.4281,China,CN,CHN,4157934
22340,London,51.5072,-0.1275,United Kingdom,GB,GBR,11262000
22362,Longba,33.535,105.349,China,CN,CHN,2567718
22404,Longyan,25.0881,117.0244,China,CN,CHN,2723637
22460,Los Angeles,34.1141,-118.4068,United States,US,USA,12121244
22504,Loudi,27.7378,111.9974,China,CN,CHN,3931800
22512,Louisville,38.1663,-85.6485,United States,US,USA,1022630
22581,Luanda,-8.8383,13.2344,Angola,AO,AGO,9051000
22611,Lubumbashi,-11.6647,27.4794,Congo (Kinshasa),CD,COD,1786397
22638,Lucknow,26.85,80.95,India,IN,IND,3382000
22642,Ludhiāna,30.91,75.85,India,IN,IND,1618879
22725,Luohe,33.583,114.0109,China,CN,CHN,2544266
22726,Luoyang,34.6587,112.4245,China,CN,CHN,2372571
22739,Lusaka,-15.4167,28.2833,Zambia,ZM,ZMB,2467563
22762,Luzhou,28.8918,105.4409,China,CN,CHN,4218427
22576,Lu’an,31.7542,116.5078,China,CN,CHN,5611701
22868,Maceió,-9.6658,-35.735,Brazil,BR,BRA,1025360
22991,Madrid,40.4169,-3.7033,Spain,ES,ESP,6211000
23000,Madurai,9.9252,78.1198,India,IN,IND,1561129
23189,Maiduguri,11.8333,13.15,Nigeria,NG,NGA,1197497
23273,Makassar,-5.1619,119.4362,Indonesia,ID,IDN,1338663
23333,Malang,-7.98,112.62,Indonesia,ID,IDN,2795209
23480,Managua,12.1544,-86.2738,Nicaragua,NI,NIC,1028808
23522,Manaus,-3.1,-60.0167,Brazil,BR,BRA,2219580
23535,Manchester,53.4794,-2.2453,United Kingdom,GB,GBR,2705000
23553,Mandalay,21.9831,96.0844,Myanmar,MM,MMR,1319452
23656,Manhattan,40.7834,-73.9662,United States,US,USA,1694263
23674,Manila,14.5958,120.9772,Philippines,PH,PHL,24922000
23798,Maoming,21.6618,110.9178,China,CN,CHN,6313200
23815,Maputo,-25.9667,32.5833,Mozambique,MZ,MOZ,1191613
23831,Maracaibo,10.6333,-71.6333,Venezuela,VE,VEN,2658355
24188,Mashhad,36.3,59.6,Iran,IR,IRN,3372090
24320,Matola,-25.9667,32.4667,Mozambique,MZ,MOZ,1032197
22823,Ma’anshan,31.6858,118.5101,China,CN,CHN,2202899
24452,Mbandaka,0.0478,18.2558,Congo (Kinshasa),CD,COD,1187837
24463,Mbuji-Mayi,-6.15,23.6,Congo (Kinshasa),CD,COD,2643000
24500,Mecca,21.4225,39.8233,Saudi Arabia,SA,SAU,1675368
24515,Medan,3.5894,98.6739,Indonesia,ID,IDN,3632000
24522,Medellín,6.2308,-75.5906,Colombia,CO,COL,2529403
24538,Medina,24.47,39.61,Saudi Arabia,SA,SAU,1180770
24561,Meerut,28.98,77.71,India,IN,IND,1305429
24590,Meishan,30.0575,103.8381,China,CN,CHN,2950545
24598,Meizhou,24.2998,116.1191,China,CN,CHN,4378800
24614,Melbourne,-37.8142,144.9631,Australia,AU,AUS,4529500
24670,Memphis,35.1087,-89.9663,United States,US,USA,1034498
24784,Mersin,36.8,34.6333,Turkey,TR,TUR,1814468
24786,Meru,0.05,37.65,Kenya,KE,KEN,1833000
24851,Mexicali,32.6633,-115.4678,Mexico,MX,MEX,1102342
24855,Mexico City,19.4333,-99.1333,Mexico,MX,MEX,21804000
24856,Mexico City,19.4333,-99.1333,Mexico,MX,MEX,21804000
24857,Mexico City,19.4333,-99.1333,Mexico,MX,MEX,21804000
24858,Mexico City,19.4333,-99.1333,Mexico,MX,MEX,21804000
24885,Miami,25.784,-80.2101,United States,US,USA,5711945
24905,Mianyang,31.4669,104.7385,China,CN,CHN,4868243
25025,Milan,45.4669,9.19,Italy,IT,ITA,1366180
25079,Milwaukee,43.0642,-87.9675,United States,US,USA,1340981
25149,Minneapolis,44.9635,-93.2678,United States,US,USA,2856952
25162,Minsk,53.9,27.5667,Belarus,BY,BLR,2009786
25234,Mirzāpur,25.146,82.569,India,IN,IND,2496970
25325,Mizhou,35.99,119.3801,China,CN,CHN,1060000
25390,Mogadishu,2.0392,45.3419,Somalia,SO,SOM,4249083
25493,Mombasa,-4.05,39.6667,Kenya,KE,KEN,1208333
25572,Monrovia,6.3133,-10.8014,Liberia,LR,LBR,1021762
25678,Monterrey,25.6667,-100.3,Mexico,MX,MEX,5341171
25689,Montevideo,-34.8836,-56.1819,Uruguay,UY,URY,1719453
25732,Montréal,45.5089,-73.5617,Canada,CA,CAN,3519595
25896,Moscow,55.7558,37.6178,Russia,RU,RUS,17332000
25928,Mosul,36.34,43.13,Iraq,IQ,IRQ,1694000
26070,Mudanjiang,44.5861,129.5997,China,CN,CHN,2798723
26149,Multan,30.1978,71.4697,Pakistan,PK,PAK,1871843
26157,Mumbai,19.0761,72.8775,India,IN,IND,24973000
26186,Munich,48.1375,11.575,Germany,DE,DEU,2606021
26264,Muscat,23.6139,58.5922,Oman,OM,OMN,1421409
26469,Nagoya,35.1833,136.9,Japan,JP,JPN,9197000
26509,Nairobi,-1.2864,36.8172,Kenya,KE,KEN,5545000
26513,Najafgarh,28.6092,76.9798,India,IN,IND,1203180
26633,Nanchang,28.6842,115.8872,China,CN,CHN,3576547
26635,Nanchong,30.7991,106.0784,China,CN,CHN,6278614
26664,Nangandao,35.2992,113.8851,China,CN,CHN,5708191
26675,Nanjing,32.0608,118.7789,China,CN,CHN,8422000
26682,Nanning,22.8192,108.315,China,CN,CHN,3837978
26684,Nanping,26.6448,118.1728,China,CN,CHN,2690000
26700,Nantong,31.9829,120.8873,China,CN,CHN,2261382
26709,Nanyang,32.9987,112.5292,China,CN,CHN,10013600
26825,Nashville,36.1715,-86.7842,United States,US,USA,1098486
26942,Nay Pyi Taw,19.7475,96.115,Myanmar,MM,MMR,1160242
27032,Neijiang,29.5872,105.0635,China,CN,CHN,3702847
27238,New York,40.6943,-73.9249,United States,US,USA,18972871
27299,Nezahualcóyotl,19.4006,-99.0148,Mexico,MX,MEX,1077208
27332,Niamey,13.515,2.1175,Niger,NE,NER,1026848
27432,Ningbo,29.875,121.5492,China,CN,CHN,4087523
27433,Ningde,26.6617,119.5228,China,CN,CHN,2910000
27493,Nizhniy Novgorod,56.3269,44.0075,Russia,RU,RUS,1264075
27781,Nouakchott,18.0858,-15.9785,Mauritania,MR,MRT,1077169
27895,Novosibirsk,55.0333,82.9167,Russia,RU,RUS,1625631
28005,Nur-Sultan,51.1472,71.4222,Kazakhstan,KZ,KAZ,1078362
26470,Nāgpur,21.1497,79.0806,India,IN,IND,2405665
26765,Nārāyanganj,23.62,90.5,Bangladesh,BD,BGD,1572386
26826,Nāsik,20.0,73.78,India,IN,IND,1486053
26367,N’Djamena,12.11,15.05,Chad,TD,TCD,1092066
28198,Odesa,46.4775,30.7326,Ukraine,UA,UKR,1017699
28236,Ogbomoso,8.1333,4.25,Nigeria,NG,NGA,1032000
28415,Omdurman,15.65,32.4833,Sudan,SD,SDN,2805396
28428,Omsk,54.9667,73.3833,Russia,RU,RUS,1178391
28459,Onitsha,6.1667,6.7833,Nigeria,NG,NGA,1483000
28580,Orlando,28.4773,-81.337,United States,US,USA,1927699
28668,Oslo,59.9133,10.7389,Norway,NO,NOR,1064235
28772,Ouagadougou,12.3686,-1.5275,Burkina Faso,BF,BFA,2453496
29159,Palembang,-2.9861,104.7556,Indonesia,ID,IDN,1535952
29313,Panama City,8.9833,-79.5167,Panama,PA,PAN,1500189
29552,Paris,48.8567,2.3522,France,FR,FRA,11060000
29729,Patna,25.6,85.1,India,IN,IND,1684222
30063,Perm,58.0139,56.2489,Russia,RU,RUS,1048005
30082,Perth,-31.9559,115.8606,Australia,AU,AUS,2141834
30122,Peshawar,34.0144,71.5675,Pakistan,PK,PAK,1970042
30229,Philadelphia,40.0077,-75.1339,United States,US,USA,5512873
30239,Phnom Penh,11.5694,104.9211,Cambodia,KH,KHM,2129371
30240,Phoenix,33.5722,-112.0892,United States,US,USA,4047095
30355,Pikine,14.75,-17.4,Senegal,SN,SEN,1170791
30433,Pingdingshan,33.735,113.2999,China,CN,CHN,4904701
30434,Pingdu,36.7833,119.9556,China,CN,CHN,1378900
30436,Pingliang,35.5412,106.6819,China,CN,CHN,2068033
30446,Pingxiang,27.6333,113.85,China,CN,CHN,1933200
30597,Pittsburgh,40.4397,-79.9763,United States,US,USA,1720279
30608,Pizhou,34.3422,118.0097,China,CN,CHN,1458038
30999,Port Harcourt,4.8242,7.0336,Nigeria,NG,NGA,1865000
31059,Portland,45.5371,-122.65,United States,US,USA,2036875
31068,Porto,41.1621,-8.622,Portugal,PT,PRT,1278210
31071,Porto Alegre,-30.0331,-51.23,Brazil,BR,BRA,1484941
31207,Prague,50.0875,14.4214,Czechia,CZ,CZE,1335084
31230,Prayagraj,25.4358,81.8464,India,IN,IND,5954391
31349,Providence,41.823,-71.4187,United States,US,USA,1270149
31384,Pudong,31.2231,121.5397,China,CN,CHN,5681512
31401,Puebla,19.0333,-98.1833,Mexico,MX,MEX,1576259
31549,Pune,18.5203,73.8567,India,IN,IND,8231000
31552,Puning,23.2993,116.1586,China,CN,CHN,2118200
31619,Putian,25.4394,119.0103,China,CN,CHN,3210714
31643,Puyang,35.7639,115.03,China,CN,CHN,3598740
31657,Pyongyang,39.0194,125.7381,North Korea,KP,PRK,2863000
31762,Qinbaling,35.7278,107.64,China,CN,CHN,2211191
31763,Qincheng,34.5809,105.7311,China,CN,CHN,3262549
31766,Qingdao,36.1167,120.4,China,CN,CHN,5818255
31774,Qingyang,24.8141,118.5792,China,CN,CHN,2111000
31776,Qingyuan,23.6842,113.0507,China,CN,CHN,3969473
31781,Qinhuangdao,39.9398,119.5881,China,CN,CHN,3146300
31782,Qinzhou,21.95,108.6167,China,CN,CHN,3304400
31784,Qiqihar,47.3398,123.9512,China,CN,CHN,5367003
31806,Qom,34.64,50.8764,Iran,IR,IRN,1201158
31832,Quanzhou,24.9139,118.5858,China,CN,CHN,8782285
31857,Queens,40.7498,-73.7976,United States,US,USA,2405464
31880,Quetta,30.1833,67.0,Pakistan,PK,PAK,1001205
31893,Quezon City,14.63,121.03,Philippines,PH,PHL,2960048
31950,Quito,-0.22,-78.5125,Ecuador,EC,ECU,2011388
31956,Qujing,25.5102,103.8029,China,CN,CHN,6155400
31827,Quảng Hà,15.9333,108.2667,Vietnam,VN,VNM,1000000
32091,Raipur,21.25,81.63,India,IN,IND,1010087
32151,Raleigh,35.8324,-78.6429,United States,US,USA,1062018
32268,Rangapukur,25.56,89.25,Bangladesh,BD,BGD,1031388
32275,Rangoon,16.795,96.16,Myanmar,MM,MMR,5209541
32406,Rawalpindi,33.6,73.0333,Pakistan,PK,PAK,2098231
32460,Recife,-8.05,-34.9,Brazil,BR,BRA,1653461
32717,Richmond,37.5295,-77.4756,United States,US,USA,1008069
32816,Rio de Janeiro,,-43.2056,Brazil,BR,BRA,12592000
32918,Riverside,33.9381,-117.3949,United States,US,USA,2022285
32935,Riyadh,24.6333,46.7167,Saudi Arabia,SA,SAU,7237000
32943,Rizhao,35.4164,119.4331,China,CN,CHN,2968365
33072,Rome,41.8931,12.4828,Italy,IT,ITA,2872800
33102,Rongcheng,29.8239,112.9019,China,CN,CHN,1162770
33101,Rongcheng,26.2312,104.0966,China,CN,CHN,1302891
33127,Rosario,-32.9575,-60.6394,Argentina,AR,ARG,1276000
33199,Rostov,47.2333,39.7,Russia,RU,RUS,1137704
33288,Rucheng,32.3852,120.5634,China,CN,CHN,1267066
33316,Rui’an,27.778,120.6526,China,CN,CHN,1424667
32129,Rājkot,22.3,70.7833,India,IN,IND,1335397
32247,Rānchi,23.36,85.33,India,IN,IND,1073440
33488,Sacramento,38.5677,-121.4685,United States,US,USA,1924167
33613,Saidu Sharif,34.75,72.3572,Pakistan,PK,PAK,1860310
33638,Saint Petersburg,59.95,30.3167,Russia,RU,RUS,5384342
33780,Saitama,35.8614,139.6456,Japan,JP,JPN,1325843
33948,Salt Lake City,40.7776,-111.9311,United States,US,USA,1135344
33967,Salvador,-12.9747,-38.4767,Brazil,BR,BRA,2886698
34008,Samara,53.2028,50.1408,Russia,RU,RUS,1169719
34048,Samsun,41.2903,36.3336,Turkey,TR,TUR,1335716
34088,San Antonio,29.4632,-98.5238,United States,US,USA,1910785
34174,San Diego,32.8313,-117.1222,United States,US,USA,3084174
34223,San Francisco,37.7558,-122.4449,United States,US,USA,3290197
34317,San Jose,37.3012,-121.848,United States,US,USA,1729879
34327,San José,9.9325,-84.08,Costa Rica,CR,CRI,1543000
34359,San Juan,18.3985,-66.061,Puerto Rico,PR,PRI,1915105
34693,Sanaa,15.3483,44.2064,Yemen,YE,YEM,2957000
34770,Sangereng,-6.2889,106.7181,Indonesia,ID,IDN,1644899
34817,Sanmenxia,34.7736,111.195,China,CN,CHN,2234018
34818,Sanming,26.2658,117.6302,China,CN,CHN,2580000
34922,Santa Cruz,-17.7892,-63.1975,Bolivia,BO,BOL,3151676
35158,Santiago,19.4572,-70.6889,Dominican Republic,DO,DOM,1343423
35157,Santiago,-33.4372,-70.6506,Chile,CL,CHL,7171000
35217,Santo Domingo,18.4764,-69.8933,Dominican Republic,DO,DOM,2581827
35254,Santos,-23.9369,-46.325,Brazil,BR,BRA,1897551
35264,Sanya,18.2533,109.5036,China,CN,CHN,1031396
35268,Sanzhou,30.82,108.4,China,CN,CHN,1680000
35449,Sapporo,43.0667,141.35,Japan,JP,JPN,1961690
35872,Seattle,47.6211,-122.3244,United States,US,USA,3438221
35985,Semarang,-6.9667,110.4167,Indonesia,ID,IDN,1621384
36023,Sendai,38.2682,140.8694,Japan,JP,JPN,1061177
36074,Seoul,37.56,126.99,South Korea,KR,KOR,23016000
36195,Sevilla,37.24,-5.99,Spain,ES,ESP,1100000
36234,Shagamu,6.8333,3.65,Nigeria,NG,NGA,1132270
36319,Shanghai,31.1667,121.4667,China,CN,CHN,24073000
36324,Shangqiu,34.4259,115.6467,China,CN,CHN,7816831
36325,Shangrao,28.4419,117.9633,China,CN,CHN,6810700
36332,Shangzhou,33.868,109.9244,China,CN,CHN,2341742
36347,Shantou,23.3735,116.6941,China,CN,CHN,4312192
36348,Shanwei,22.7664,115.3331,China,CN,CHN,2993600
36352,Shaoguan,24.8011,113.5927,China,CN,CHN,2997600
36356,Shaoxing,30.0,120.5833,China,CN,CHN,2521964
36358,Shaoyang,32.9387,119.8404,China,CN,CHN,1253548
36357,Shaoyang,27.2418,111.4725,China,CN,CHN,7370500
36367,Sharjah,25.3575,55.3908,United Arab Emirates,AE,ARE,1247749
36429,Shengli,37.45,118.4667,China,CN,CHN,2193518
36439,Shenyang,41.8025,123.4281,China,CN,CHN,7964000
36440,Shenzhen,22.535,114.054,,,,17619000
36494,Shijiazhuang,38.0422,114.5086,China,CN,CHN,4098243
36592,Shiyan,32.6351,110.7755,China,CN,CHN,3398000
36628,Shouguang,36.8833,118.7333,China,CN,CHN,1039205
36651,Shuangyashan,46.6388,131.1545,China,CN,CHN,1462626
36652,Shubrā al Khaymah,30.1286,31.2422,Egypt,EG,EGY,1025569
36663,Shuizhai,33.4433,114.8994,China,CN,CHN,1003698
36672,Shuozhou,39.3408,112.4292,China,CN,CHN,1714857
36678,Shuyangzha,34.1299,118.7734,China,CN,CHN,1770000
36681,Shymkent,42.3167,69.5958,Kazakhstan,KZ,KAZ,1028673
36563,Shīrāz,29.61,52.5425,Iran,IR,IRN,1565572
36959,Singapore,1.3,103.8,Singapore,SG,SGP,5983000
37032,Siping,43.1715,124.3644,China,CN,CHN,3385156
37324,Sofia,42.7,23.33,Bulgaria,BG,BGR,1547779
37704,Soweto,-26.2678,27.8585,South Africa,ZA,ZAF,1271628
37813,Srīnagar,34.09,74.79,India,IN,IND,1180570
37855,St. Louis,38.6359,-90.2451,United States,US,USA,2092481
38012,Stockholm,59.3294,18.0686,Sweden,SE,SWE,1611776
38117,Stuttgart,48.7775,9.18,Germany,DE,DEU,2787724
38191,Suihua,46.6384,126.9808,China,CN,CHN,5418153
38193,Suining,30.5098,105.5737,China,CN,CHN,3252619
38271,Sumedang,-6.84,107.9208,Indonesia,ID,IDN,1240000
38360,Suqian,33.9331,118.2831,China,CN,CHN,4986192
38363,Surabaya,-7.2458,112.7378,Indonesia,ID,IDN,6499000
38437,Suwon,37.2667,127.0167,South Korea,KR,KOR,1234300
38443,Suzhou,33.6333,116.9683,China,CN,CHN,5352924
38444,Suzhou,31.3,120.6194,China,CN,CHN,4330000
38514,Sydney,-33.8678,151.21,Australia,AU,AUS,4840600
35313,São Gonçalo,-22.8269,-43.0539,Brazil,BR,BRA,1077687
35377,São Luís,-2.5283,-44.3044,Brazil,BR,BRA,1108975
35401,São Paulo,-23.55,-46.6333,Brazil,BR,BRA,23086000
38375,Sūrat,21.1702,72.8311,India,IN,IND,6538000
38584,Tabrīz,38.0814,46.3006,Iran,IR,IRN,1558693
38684,Taichung,24.1439,120.6794,Taiwan,TW,TWN,3033885
38690,Tainan,22.9833,120.1833,Taiwan,TW,TWN,1874686
38693,Taipei,25.0375,121.5625,Taiwan,TW,TWN,9078000
38705,Taixing,32.1724,120.0142,China,CN,CHN,1073921
38708,Taiyuan,37.8733,112.5425,China,CN,CHN,3875053
38710,Taizhou,32.4831,119.9,China,CN,CHN,5031000
38711,Taizhou,28.6583,121.4221,China,CN,CHN,2162461
38681,Tai’an,36.2001,117.0809,China,CN,CHN,5494207
38857,Tamale,9.4075,-0.8533,Ghana,GH,GHA,1095808
38903,Tampa,27.9945,-82.4447,United States,US,USA,2683956
38962,Tangerang,-6.1783,106.6319,Indonesia,ID,IDN,2237006
38974,Tangshan,39.6292,118.1742,China,CN,CHN,3399231
39140,Tashkent,41.3111,69.2797,Uzbekistan,UZ,UZB,2571668
39246,Tbilisi,41.7225,44.7925,Georgia,GE,GEO,1118035
39296,Tegucigalpa,14.1,-87.2167,Honduras,HN,HND,1682725
39301,Tehran,35.6892,51.3889,Iran,IR,IRN,14148000
39329,Tel Aviv-Yafo,32.08,34.78,Israel,IL,ISR,1388400
39586,Thāne,19.1972,72.9722,India,IN,IND,1886941
39688,Thủ Đức,10.8266,106.7609,Vietnam,VN,VNM,1013795
39707,Tianjin,39.1467,117.2056,China,CN,CHN,10368000
39737,Tieling,42.2841,123.8365,China,CN,CHN,2717732
39760,Tijuana,32.525,-117.0333,Mexico,MX,MEX,2002000
39798,Timbío,2.3445,-76.6839,Colombia,CO,COL,4444444
40078,Tokyo,35.6897,139.6922,Japan,JP,JPN,37732000
40152,Tongjin,37.2333,127.2,South Korea,KR,KOR,1076369
40154,Tongliao,43.6172,122.264,China,CN,CHN,3139153
40158,Tongren,27.7233,109.1885,China,CN,CHN,3168800
40159,Tongshan,34.261,117.1859,China,CN,CHN,9083790
40218,Toronto,43.7417,-79.3733,Canada,CA,CAN,5429524
40479,Tripoli,32.8872,13.1914,Libya,LY,LBY,1293016
40734,Tunis,36.8064,10.1817,Tunisia,TN,TUN,1056247
40944,Ufa,54.7261,55.9475,Russia,RU,RUS,1115560
40984,Ulaanbaatar,47.9203,106.9172,Mongolia,MN,MNG,1396288
41007,Ulsan,35.55,129.3167,South Korea,KR,KOR,1166033
41360,Vadodara,22.3,73.2,India,IN,IND,2065771
41417,Valencia,10.1667,-68.0,Venezuela,VE,VEN,1484430
41508,Vancouver,49.25,-123.1,Canada,CA,CAN,2264823
41587,Vasai,19.47,72.8,India,IN,IND,1222390
41786,Vereeniging,-26.6736,27.9319,South Africa,ZA,ZAF,1074000
41936,Vienna,48.2083,16.3725,Austria,AT,AUT,1973403
41972,Vijayavāda,16.5193,80.6305,India,IN,IND,1048240
41993,Vila Velha,3.2167,-51.2167,Brazil,BR,BRA,1209091
42258,Virginia Beach,36.7335,-76.0435,United States,US,USA,1500764
42275,Vishākhapatnam,17.7042,83.2978,India,IN,IND,2035922
42365,Volgograd,48.7086,44.5147,Russia,RU,RUS,1015586
42397,Voronezh,51.6717,39.2106,Russia,RU,RUS,1050602
41538,Vārānasi,25.3189,83.0128,India,IN,IND,1198491
42497,Wafangdian,39.6271,121.9972,China,CN,CHN,1024876
42693,Warsaw,52.23,21.0111,Poland,PL,POL,1860281
42709,Washington,38.9047,-77.0163,United States,US,USA,4810669
42810,Weifang,36.7167,119.1,China,CN,CHN,2636154
42813,Weihai,37.5,122.1,China,CN,CHN,2906548
42823,Weinan,34.4996,109.4684,China,CN,CHN,5286077
42882,Wenling,28.3797,121.3718,China,CN,CHN,1416199
42893,Wenzhou,27.9991,120.6561,China,CN,CHN,3604446
43418,Wuhan,30.5872,114.2881,China,CN,CHN,10251000
43419,Wuhu,31.334,118.3622,China,CN,CHN,3842100
43440,Wusong,30.9333,117.7667,China,CN,CHN,1311726
43443,Wutong,30.6326,120.5474,China,CN,CHN,1029754
43445,Wuwei,37.9278,102.6329,China,CN,CHN,1815059
43446,Wuxi,31.5667,120.2833,China,CN,CHN,3245179
43453,Wuzhong,37.9874,106.1919,China,CN,CHN,1382713
43454,Wuzhou,23.4833,111.3167,China,CN,CHN,3061100
43500,Xiamen,24.4797,118.0819,China,CN,CHN,3707090
43506,Xiangshui,26.5964,104.8314,China,CN,CHN,1221000
43507,Xiangtan,27.8431,112.9228,China,CN,CHN,2864800
43509,Xiangyang,32.0654,112.1531,China,CN,CHN,5680000
43512,Xiantao,30.3833,113.4,China,CN,CHN,1140100
43514,Xianyang,34.35,108.7167,China,CN,CHN,5096001
43517,Xiaoganzhan,30.9273,113.911,China,CN,CHN,4921000
43521,Xiaoxita,30.7083,111.2803,China,CN,CHN,4137900
43529,Xiashi,30.5333,120.6833,China,CN,CHN,1076199
43533,Xibeijie,39.737,98.5049,China,CN,CHN,1095947
43554,Ximeicun,24.9633,118.3811,China,CN,CHN,1508000
43577,Xingtai,37.0659,114.4753,China,CN,CHN,7111106
43579,Xingyi,25.091,104.9011,China,CN,CHN,1004132
43583,Xining,36.6239,101.7787,China,CN,CHN,2467965
43596,Xinpu,34.5906,119.1801,China,CN,CHN,4599360
43601,Xintai,35.91,117.78,China,CN,CHN,1315942
43608,Xinyang,32.1264,114.0672,China,CN,CHN,6234401
43610,Xinyi,22.3559,110.9369,China,CN,CHN,1013900
43613,Xinyu,27.795,114.9242,China,CN,CHN,1202499
43618,Xinzhou,38.4178,112.7233,China,CN,CHN,3067501
43621,Xiping,40.082,113.2981,China,CN,CHN,1873000
43627,Xishan,27.6609,113.4946,China,CN,CHN,1060000
43495,Xi’an,34.2667,108.9,China,CN,CHN,12328000
43653,Xuanzhou,30.9475,118.7518,China,CN,CHN,2532938
43659,Xushan,30.1697,121.2665,China,CN,CHN,1502000
43751,Yancheng,33.3936,120.1339,China,CN,CHN,7260240
43771,Yangjiang,21.8556,111.9627,China,CN,CHN,2555600
43776,Yangquan,37.8576,113.5762,China,CN,CHN,1368502
43779,Yangshe,31.8775,120.5512,China,CN,CHN,1432044
43784,Yangzhou,32.3912,119.4363,China,CN,CHN,4559797
43787,Yanjiang,30.1256,104.6397,China,CN,CHN,2593843
43794,Yantai,37.3997,121.2664,China,CN,CHN,2511053
43742,Yan’an,36.5952,109.4863,China,CN,CHN,2282581
43805,Yaoundé,3.8667,,Cameroon,CM,CMR,2440462
43877,Yekaterinburg,56.8356,60.6128,Russia,RU,RUS,1468833
43925,Yerevan,40.1814,44.5144,Armenia,AM,ARM,1075800
43946,Yibin,28.7596,104.64,China,CN,CHN,4588804
43947,Yicheng,31.3697,119.8239,China,CN,CHN,1285785
43950,Yichun,47.7235,128.8893,China,CN,CHN,1148126
43949,Yichun,27.8041,114.383,China,CN,CHN,5573200
43962,Yinchuan,38.4795,106.2254,China,CN,CHN,1901793
43964,Yingchuan,34.1511,113.4733,China,CN,CHN,1131896
43966,Yingkou,40.6653,122.2297,China,CN,CHN,2428534
43969,Yingtan,28.2333,117.0,China,CN,CHN,1175000
43980,Yiwu,29.3081,120.0698,China,CN,CHN,1234015
43981,Yiyang,28.5833,112.3333,China,CN,CHN,4413800
43994,Yokohama,35.4442,139.6381,Japan,JP,JPN,3757630
44012,Yongcheng,33.9317,116.4459,China,CN,CHN,1240382
44021,Yongzhou,26.4515,111.5953,China,CN,CHN,5452100
44024,Yopougon,5.3167,-4.0667,Côte d'Ivoire,CI,CIV,1571065
44077,Yucheng,29.9888,103.0007,China,CN,CHN,1507258
44095,Yulin,22.6293,110.1507,China,CN,CHN,5849700
44096,Yulinshi,38.2655,109.7388,China,CN,CHN,3634750
44104,Yuncheng,35.0304,110.998,China,CN,CHN,5134779
44106,Yunfu,22.9242,112.0353,China,CN,CHN,2526900
44124,Yushan,31.3867,120.9766,China,CN,CHN,2092496
44125,Yushu,44.8249,126.5451,China,CN,CHN,1304436
44127,Yutan,28.3147,112.554,China,CN,CHN,1368117
44132,Yuxi,24.3495,102.5432,China,CN,CHN,2386000
44133,Yuyao,30.0372,121.1546,China,CN,CHN,1095000
44241,Zaoyang,32.1287,112.7581,China,CN,CHN,1004741
44244,Zaozhuang,34.8667,117.55,China,CN,CHN,3729140
44248,Zapopan,20.7167,-103.4,Mexico,MX,MEX,1476491
44391,Zhangjiajie,29.1255,110.4844,China,CN,CHN,1537900
44392,Zhangjiakou,40.8108,114.8811,China,CN,CHN,4345485
44402,Zhangye,38.9355,100.4553,China,CN,CHN,1199515
44404,Zhangzhou,24.5093,117.6612,China,CN,CHN,5140000
44407,Zhanjiang,21.1967,110.4031,China,CN,CHN,7332000
44412,Zhaoqing,23.05,112.4667,China,CN,CHN,4151700
44413,Zhaotong,27.3328,103.7144,China,CN,CHN,5591000
44432,Zhengzhou,34.7492,113.6605,China,CN,CHN,5621593
44433,Zhenjiang,32.2109,119.4551,China,CN,CHN,3210418
44460,Zhongli,24.965,121.2168,Taiwan,TW,TWN,1632616
44463,Zhongshan,22.5333,113.35,China,CN,CHN,2909633
44467,Zhongwei,37.5139,105.1884,China,CN,CHN,1067336
44468,Zhongxiang,31.169,112.5853,China,CN,CHN,1022514
44475,Zhoukou,33.625,114.6418,China,CN,CHN,9026015
44486,Zhufeng,36.0,119.4167,China,CN,CHN,1081960
44488,Zhuhai,22.2769,113.5678,China,CN,CHN,2439585
44489,Zhuji,29.7169,120.2314,China,CN,CHN,1157938
44496,Zhumadian,32.9773,114.0253,China,CN,CHN,7231234
44506,Zhuzhou,,113.1469,China,CN,CHN,4020800
44511,Zibo,36.7831,118.0497,China,CN,CHN,2631647
44517,Zigong,29.3498,104.7645,China,CN,CHN,2678899
44629,Zunyi,27.705,106.9336,China,CN,CHN,6606675
41227,Ürümqi,43.8225,87.6125,China,CN,CHN,4335017
385,Āgra,27.18,78.02,India,IN,IND,1585704
17397,İzmir,38.42,27.14,Turkey,TR,TUR,4320519
28638,Ōsaka,34.6939,135.5022,Japan,JP,JPN,15126000
34814,Şanlıurfa,37.1583,38.7917,Turkey,TR,TUR,1985753
